graph,algo,base_seed,build_time_sec,placement_mode,transmission_cost,computation_cost,total_cost,computation_cost_ratio,num_activated_nodes,no_lqdc_transmission_cost,no_lqdc_computation_cost,no_lqdc_total_cost,lqdc_cost_savings,lqdc_cost_savings_ratio,k,num_runs,timestamp,transmission_cost_std,computation_cost_std,computation_cost_ratio_std,total_cost_std,no_lqdc_transmission_cost_std,no_lqdc_computation_cost_std,no_lqdc_total_cost_std
TATA_d20_b125,SPT,0,0.011914968,none,107.5722379,0,107.5722379,0,0,107.5722379,0,107.5722379,0,0,2,100,2026-09-01T17:54:39,15.10189003,0,0,15.10189003,15.10189003,0,15.10189003
TATA_d20_b125,CLEA,0,0.277917385,branch,77.6593259,61.54,139.1993259,0.44371568,30,161.4412619,0,161.4412619,32.74331033,0.186501412,2,100,2026-09-01T17:54:39,10.59244806,5.605588842,0.043147096,11.08342319,38.03001293,0,38.03001293
TATA_d20_b125,DMST,0,0.037069082,branch,61.99654544,28.98,90.97654544,0.319121571,14,112.106915,0,112.106915,31.02821579,0.231955131,2,100,2026-09-01T17:54:39,7.515974665,3.923459615,0.035192177,9.29582448,16.92778165,0,16.92778165
TATA_d20_b125,KMB,0,0.013891459,branch,70.41354985,27.96,98.37354985,0.285915271,14,145.7680284,0,145.7680284,51.18598162,0.335218785,2,100,2026-09-01T17:54:39,9.602419219,3.074561642,0.032264791,10.55639004,29.85976825,0,29.85976825
TATA_d20_b125,MFCS,0,0.007110834,branch,60.69872363,28.68,89.37872363,0.32180921,15,121.4191788,0,121.4191788,35.6869477,0.268764725,2,100,2026-09-01T17:54:39,7.126670893,3.064557905,0.030519115,8.34493784,21.43719433,0,21.43719433
TATA_d20_b125,QSTA,0,0.259209156,explicit,71.37441408,8.6,79.97441408,0.10834997,4,122.3638321,0,122.3638321,59.16054982,0.387190202,2,100,2026-09-01T17:54:39,8.902426948,1.287076399,0.016976097,9.258620019,21.40096539,0,21.40096539
TATA_d25_b120,SPT,0,0.00773716,none,133.0232525,0,133.0232525,0,0,133.0232525,0,133.0232525,0,0,2,100,2026-09-01T17:56:13,16.98395321,0,0,16.98395321,16.98395321,0,16.98395321
TATA_d25_b120,CLEA,0,0.217695475,branch,83.95543069,62.96,146.9154307,0.429733442,31,189.7669205,0,189.7669205,65.27628005,0.301393364,2,100,2026-09-01T17:56:13,10.01478778,5.493651065,0.03949882,10.1887811,43.00834902,0,43.00834902
TATA_d25_b120,DMST,0,0.046453714,branch,70.9464624,35.46,106.4064624,0.333992883,17,140.0150631,0,140.0150631,43.69415924,0.270603694,2,100,2026-09-01T17:56:13,7.65487109,3.885793862,0.032649663,9.012835306,19.15545126,0,19.15545126
TATA_d25_b120,KMB,0,0.014875174,branch,80.31406958,34.82,115.1340696,0.303766645,17,177.7673237,0,177.7673237,51.77366238,0.314159044,2,100,2026-09-01T17:56:13,9.9339121,3.608015767,0.030971513,11.21629864,36.94442459,0,36.94442459
TATA_d25_b120,MFCS,0,0.008193493,branch,69.72550651,34.94,104.6655065,0.334515817,17,147.7464049,0,147.7464049,56.29443907,0.335570564,2,100,2026-09-01T17:56:13,7.7826486,3.733062761,0.029055579,9.543224274,23.58780631,0,23.58780631
TATA_d25_b120,QSTA,0,0.295103073,explicit,87.24007705,10.14,97.38007705,0.104580312,5,153.536474,0,153.536474,86.19358063,0.436538005,2,100,2026-09-01T17:56:13,9.84822278,1.663755032,0.016189452,10.40989882,23.1533069,0,23.1533069
TATA_d30_b115,SPT,0,0.010062933,none,162.3510582,0,162.3510582,0,0,162.3510582,0,162.3510582,0,0,2,100,2026-09-01T17:58:05,19.61306797,0,0,19.61306797,19.61306797,0,19.61306797
TATA_d30_b115,CLEA,0,0.204720259,branch,90.99881456,64.28,155.2788146,0.415167256,31,221.002552,0,221.002552,104.1007499,0.392608552,2,100,2026-09-01T17:58:05,10.16965369,5.132742981,0.037601362,9.758671161,51.17289872,0,51.17289872
TATA_d30_b115,DMST,0,0.046862602,branch,80.11417218,41.08,121.1941722,0.339575317,20,168.9566917,0,168.9566917,82.29310337,0.4070807,2,100,2026-09-01T17:58:05,7.466490754,3.667162501,0.027520893,8.606290762,20.17179548,0,20.17179548
TATA_d30_b115,KMB,0,0.020379066,branch,90.45836483,41.46,131.9183648,0.315521855,21,215.4415767,0,215.4415767,72.54876497,0.356724788,2,100,2026-09-01T17:58:05,10.24115423,3.79105806,0.03072648,11.01935133,44.10305352,0,44.10305352
TATA_d30_b115,MFCS,0,0.009628773,branch,79.70712486,40.96,120.6671249,0.340024595,19,178.5861035,0,178.5861035,78.96689508,0.388846869,2,100,2026-09-01T17:58:05,7.804507784,3.589884779,0.023682159,9.615652206,27.41991891,0,27.41991891
TATA_d30_b115,QSTA,0,0.316059589,explicit,100.7612123,11.3,112.0612123,0.100950185,6,188.4073871,0,188.4073871,137.1265323,0.513049488,2,100,2026-09-01T17:58:05,9.735071927,1.828506041,0.014048962,10.54435635,27.58617779,0,27.58617779
TATA_d35_b110,SPT,0,0.011851549,none,193.6500532,0,193.6500532,0,0,193.6500532,0,193.6500532,0,0,2,100,2026-09-01T18:00:14,22.16375938,0,0,22.16375938,22.16375938,0,22.16375938
TATA_d35_b110,CLEA,0,0.238910198,branch,99.62688801,65.64,165.266888,0.398195759,33,256.6154785,0,256.6154785,134.9568705,0.436740718,2,100,2026-09-01T18:00:14,10.54042792,5.396444771,0.035116699,10.68087213,60.03704406,0,60.03704406
TATA_d35_b110,DMST,0,0.064901114,branch,90.3545449,46.24,136.5945449,0.339046802,22,200.2824695,0,200.2824695,96.02167333,0.398656615,2,100,2026-09-01T18:00:14,8.143540675,3.858926422,0.02382045,9.88505606,22.46312434,0,22.46312434
TATA_d35_b110,KMB,0,0.020455122,branch,98.97202813,46.68,145.6520281,0.321335762,23,248.9543021,0,248.9543021,98.91577273,0.406565142,2,100,2026-09-01T18:00:14,9.404876195,3.66495828,0.025927265,10.29935477,46.17748134,0,46.17748134
TATA_d35_b110,MFCS,0,0.010435581,branch,90.30750389,46.16,136.4675039,0.338851739,21,214.8588916,0,214.8588916,103.9659604,0.429151635,2,100,2026-09-01T18:00:14,8.290410094,3.569568347,0.02192163,10.07997675,33.52806091,0,33.52806091
TATA_d35_b110,QSTA,0,0.701395035,explicit,115.0185475,12.48,127.4985475,0.097980026,7,227.6092631,0,227.6092631,126.9261839,0.484519903,2,100,2026-09-01T18:00:14,10.07614158,2.07184103,0.014584845,10.8530692,35.72351202,0,35.72351202
TATA_d40_b105,SPT,0,0.011655807,none,219.7105112,0,219.7105112,0,0,219.7105112,0,219.7105112,0,0,2,100,2026-09-01T18:02:39,23.64614665,0,0,23.64614665,23.64614665,0,23.64614665
TATA_d40_b105,CLEA,0,0.172181845,branch,105.2223821,67,172.2223821,0.389842339,33,277.1950928,0,277.1950928,174.1335019,0.491743268,2,100,2026-09-01T18:02:39,9.943328569,5.00908266,0.030727196,10.28830983,58.84512594,0,58.84512594
TATA_d40_b105,DMST,0,0.049508572,branch,98.35514964,50.8,149.1551496,0.341218314,24,228.6780162,0,228.6780162,126.1965617,0.455623614,2,100,2026-09-01T18:02:39,8.445851041,4.050190169,0.027189078,9.084557516,24.8103863,0,24.8103863
TATA_d40_b105,KMB,0,0.021161556,branch,106.0466661,52.02,158.0666661,0.329855609,28,272.1969771,0,272.1969771,119.0439611,0.425100942,2,100,2026-09-01T18:02:39,9.413931064,3.861176876,0.025298803,10.25881978,46.04384864,0,46.04384864
TATA_d40_b105,MFCS,0,0.012350321,branch,99.22031109,52.04,151.2603111,0.344715606,24,241.2919416,0,241.2919416,125.3910384,0.4487934,2,100,2026-09-01T18:02:39,8.692372533,3.550273855,0.022262773,10.09230687,34.84323082,0,34.84323082
TATA_d40_b105,QSTA,0,0.580803871,explicit,128.2569288,14,142.2569288,0.098760483,7,259.9129783,0,259.9129783,183.2497587,0.554487263,2,100,2026-09-01T18:02:39,11.52744089,2.010075631,0.014269529,11.94938532,40.65271748,0,40.65271748
